{
	"pages": [ //pages数组中第一项表示应用启动页，参考：https://uniapp.dcloud.io/collocation/pages
		{
			"path": "pages/index/index",
			"style": {
				"navigationBarTitleText": "当夏商城"
			}
		},
		{
			"path": "pages/category/category",
			"style": {
				"navigationBarTitleText": "分类"
			}
		},
		{
			"path": "pages/cart/cart",
			"style": {
				"navigationBarTitleText": "购物车"


			}
		},
		{
			"path": "pages/user/user",
			"style": {
				"navigationBarTitleText": "我的"
			}
		},
		{
			"path": "pages/order/createOrder",
			"style": {
				"navigationBarTitleText": "创建订单"
			}
		},
		{
			"path": "pages/order/order",
			"style": {
				"navigationBarTitleText": "我的订单",
				"app-plus": {
					"bounce": "none"
				}
			}
		},
		{
			"path": "pages/public/login",
			"style": {
				"navigationBarTitleText": "登录！",
				"navigationStyle": "custom",
				"app-plus": {
					"titleNView": false,
					"animationType": "slide-in-bottom"
				}
			}
		},
		{
			"path": "pages/set/set",
			"style": {
				"navigationBarTitleText": "设置"
			}
		},
		{
			"path": "pages/service/service",
			"style": {
				"navigationBarTitleText": "售后服务"
			}
		},
		{
			"path": "pages/wuliu/wuliu",
			"style": {
				"navigationBarTitleText": "物流详情"
			}
		},
		{
			"path": "pages/product/product",
			"style": {
				"navigationBarTitleText": "产品信息",
				"app-plus": {
					"titleNView": {
						"type": "transparent"
					}
				}
			}
		},
		{
			"path": "pages/money/pay",
			"style": {
				"navigationBarTitleText": "支付"
			}
		},
		{
			"path": "pages/money/paySuccess",
			"style": {
				"navigationBarTitleText": "支付成功"
			}
		}
		// {
		// 	"path": "pages/detail/detail",
		// 	"style": {
		// 		"navigationBarTitleText": "商品详情",
		// 		"app-plus": {
		// 			"titleNView": {
		// 				"type": "transparent"
		// 			}
		// 		}
		// 	}
		// }
	],
	"subPackages": [{
		"root": "pagesA",
		"pages": [{
			"path": "address/address",
			"style": {
				"navigationBarTitleText": "收货地址"
			}
		},
		{
			"path": "address/addressManage",
			"style": {
				"navigationBarTitleText": ""
			}
		}]
	}, {
		"root": "pagesB",
		"pages": [{
			"path": "detail/detail",
			"style": {
				"navigationBarTitleText": "商品详情",
				"app-plus": {
					"titleNView": {
						"type": "transparent"
					}
				}
			}
		},
		{
			"path": "detail/orderDetail",
			"style": {
				"navigationBarTitleText": "订单详情",
				"app-plus": {
					"titleNView": {
						"type": "transparent"
					}
				}
			}
		}]
	}],
	"preloadRule": {
		"pagesA/address/address": {
			"network": "all",
			"packages": ["__APP__"]
		},
		"pagesA/address/addressManage": {
			"network": "all",
			"packages": ["__APP__"]
		},
		"pagesB/detail/detail": {
			"network": "all",
			"packages": ["pagesA"]
		},
		"pagesB/detail/orderDetail": {
			"network": "all",
			"packages": ["pagesA"]
		}
	},
	"globalStyle": {
		"navigationBarTextStyle": "black",
		"navigationBarTitleText": "uni-app",
		"navigationBarBackgroundColor": "#F8F8F8",
		"backgroundColor": "#F8F8F8"
	},
	"condition": { //模式配置，仅开发期间生效
		"current": 0, //当前激活的模式(list 的索引项)
		"list": [{
			"name": "", //模式名称
			"path": "", //启动页面，必选
			"query": "" //启动参数，在页面的onLoad函数里面得到
		}]
	},
	"tabBar": {
		"color": "#C0C4CC",
		"selectedColor": "#56BA53",
		"borderStyle": "black",
		"backgroundColor": "#ffffff",
		"list": [{
				"pagePath": "pages/index/index",
				"iconPath": "static/tab_home_default@2x.png",
				"selectedIconPath": "static/tab_home_fill@2x.png",
				"text": "首页"
			},
			{
				"pagePath": "pages/category/category",
				"iconPath": "static/tab_class_default@2x.png",
				"selectedIconPath": "static/tab_class_fill@2x.png",
				"text": "分类"
			},
			{
				"pagePath": "pages/cart/cart",
				"iconPath": "static/tab_shopping_default@2x.png",
				"selectedIconPath": "static/tab_shopping_fill@2x.png",
				"text": "购物车"
			},
			{
				"pagePath": "pages/user/user",
				"iconPath": "static/tab_my_default@2x.png",
				"selectedIconPath": "static/tab_my_fill@2x.png",
				"text": "我的"
			}
		]
	}
}
